User_ID,product_id,Gender,Age,Occupation,City_Category,Stay_In_Current_City_Years,Marital_Status,Product_Category,Purchase,z_score
1000001,P00069042,F,0-17,10,A,2,0,3,8370,0.17724547684499709
1000001,P00248942,F,0-17,10,A,2,0,1,15200,1.1775855147378909
1000001,P00087842,F,0-17,10,A,2,0,12,1422,1.5554835045928603
1000001,P00085442,F,0-17,10,A,2,0,12,1057,1.6278866249336732
1000002,P00285442,M,55+,16,C,4+,0,8,7969,0.25678972686326035
1000003,P00193542,M,26-35,15,A,3,0,1,15227,1.1829413619959783
1000004,P00184942,M,46-50,7,B,2,1,1,19215,1.9740198384868362
1000004,P00346142,M,46-50,7,B,2,1,1,15854,1.307316037211567
1000004,P0097242,M,46-50,7,B,2,1,1,15686,1.2739907653834668
1000005,P00274942,M,26-35,20,A,1,1,8,7871,0.27622946876298554
1000005,P00251242,M,26-35,20,A,1,1,5,5254,0.795349923370953
1000005,P00014542,M,26-35,20,A,1,1,8,3957,1.052628956472418
1000005,P00031342,M,26-35,20,A,1,1,8,6073,0.6328892232089639
1000005,P00145042,M,26-35,20,A,1,1,1,15665,1.2698251064049542
1000006,P00231342,F,51-55,9,A,1,0,5,5378,0.7707526989264027
1000006,P00190242,F,51-55,9,A,1,0,4,2079,1.4251578879793965
1000006,P0096642,F,51-55,9,A,1,0,2,13055,0.7520932047898243
1000006,P00058442,F,51-55,9,A,1,0,5,8851,0.08183204976573367
1000007,P00036842,M,36-45,1,B,1,1,1,11788,0.5007651130862344
1000008,P00249542,M,26-35,12,C,4+,1,1,19614,2.0531673590785746
1000008,P00220442,M,26-35,12,C,4+,1,5,8584,0.1347954282068217
1000008,P00156442,M,26-35,12,C,4+,1,8,9872,0.12069832247528076
1000008,P00213742,M,26-35,12,C,4+,1,8,9743,0.09510927446441803
1000008,P00214442,M,26-35,12,C,4+,1,8,5982,0.6509404121158516
1000008,P00303442,M,26-35,12,C,4+,1,1,11927,0.5283378082297221
1000009,P00135742,M,26-35,17,C,0,0,6,16662,1.4675947255276687
1000009,P00039942,M,26-35,17,C,0,0,8,5887,0.6697850598757893
1000009,P00161442,M,26-35,17,C,0,0,5,6973,0.45436098127271224
1000009,P00078742,M,26-35,17,C,0,0,5,5391,0.7681739576539902
1000010,P00085942,F,36-45,1,B,4+,1,2,16352,1.4061016644162931
1000010,P00118742,F,36-45,1,B,4+,1,5,8886,0.07488928480154611
1000010,P00297942,F,36-45,1,B,4+,1,8,5875,0.6721654364349393
1000010,P00266842,F,36-45,1,B,4+,1,5,8854,0.08123695562594617
1000010,P00058342,F,36-45,1,B,4+,1,3,10946,0.3337420245192078
1000010,P00032442,F,36-45,1,B,4+,1,5,5152,0.8155831241237282
1000010,P00105942,F,36-45,1,B,4+,1,5,7089,0.431350674534262
1000010,P00182642,F,36-45,1,B,4+,1,2,12909,0.723131956653499
1000010,P00186942,F,36-45,1,B,4+,1,5,8770,0.09789959153999633
1000010,P00155442,F,36-45,1,B,4+,1,1,15212,1.1799658912970408
1000010,P00221342,F,36-45,1,B,4+,1,1,15705,1.2777596949354544
1000010,P00087242,F,36-45,1,B,4+,1,14,7947,0.2611537505550354
1000010,P00111142,F,36-45,1,B,4+,1,1,18963,1.9240319307446856
1000010,P00259342,F,36-45,1,B,4+,1,5,8718,0.10821455662964644
1000010,P0094542,F,36-45,1,B,4+,1,2,16406,1.416813358932468
1000010,P00148642,F,36-45,1,B,4+,1,6,12642,0.670168578212411
1000010,P00312142,F,36-45,1,B,4+,1,8,10007,0.1474775587657185
1000010,P00113242,F,36-45,1,B,4+,1,1,11562,0.45593468788890895
1000011,P00192642,F,26-35,1,C,1,0,8,6171,0.6134494813092388
1000011,P00110842,F,26-35,1,C,1,0,1,19327,1.9962366863722363
1000011,P00189642,F,26-35,1,C,1,0,8,8027,0.24528457349403524
1000012,P00304242,M,26-35,12,C,2,0,1,15246,1.186710291547966
1000012,P00365242,M,26-35,12,C,2,0,5,6865,0.47578437030506243
1000013,P00129542,M,46-50,1,C,3,1,8,5839,0.6793065661123894
1000013,P00140742,M,46-50,1,C,3,1,1,15912,1.3188211905807923
1000013,P00182342,M,46-50,1,C,3,1,1,12107,0.5640434566169725
1000014,P00276642,M,36-45,0,C,0,0,8,5848,0.6775212836930269
1000015,P00334242,M,26-35,7,A,1,0,1,19653,2.0609035828958118
1000015,P00247542,M,26-35,7,A,1,0,8,5958,0.6557011652341517
1000015,P00338442,M,26-35,7,A,1,0,1,11415,0.42677507503932116
1000015,P00275142,M,26-35,7,A,1,0,5,5380,0.7703559694998777
1000015,P00333042,M,26-35,7,A,1,0,5,3594,1.1246353473867061
1000015,P00166242,M,26-35,7,A,1,0,8,4209,1.0026410487302675
1000015,P00161942,M,26-35,7,A,1,0,5,5407,0.7650001222417903
1000015,P00348242,M,26-35,7,A,1,0,8,7803,0.2897182692648357
1000015,P00042142,M,26-35,7,A,1,0,1,11458,0.43530475770960875
1000016,P00244242,F,36-45,0,C,0,1,1,11755,0.4942190775485718
1000016,P00217742,F,36-45,0,C,0,1,5,8702,0.11138839204184647
1000017,P00019342,M,51-55,1,C,0,0,1,15872,1.310886602050292
1000017,P00100642,M,51-55,1,C,0,0,5,8609,0.12983631037525914
1000017,P00073842,M,51-55,1,C,0,0,1,15172,1.1720313027665408
1000018,P00366542,F,18-25,3,B,3,0,5,1780,1.4844689372448845
1000018,P00190742,F,18-25,3,B,3,0,3,10754,0.2956559995728074
1000018,P00151842,F,18-25,3,B,3,0,4,2802,1.2817402002906078
1000018,P00112642,F,18-25,3,B,3,0,1,19473,2.0251979345085616
1000018,P00118442,F,18-25,3,B,3,0,1,19672,2.0646725124477996
1000018,P00034442,F,18-25,3,B,3,0,1,19313,1.9934595803865613
1000018,P00222242,F,18-25,3,B,3,0,1,15182,1.1740149498991659
1000018,P00118342,F,18-25,3,B,3,0,2,15985,1.3333018146489548
1000018,P00324742,F,18-25,3,B,3,0,2,16454,1.4263348651690682
1000018,P00190042,F,18-25,3,B,3,0,3,13551,0.8504821025680253
1000018,P0094142,F,18-25,3,B,3,0,4,697,1.699297921708174
1000018,P00138542,F,18-25,3,B,3,0,5,7030,0.44305419261674966
1000018,P00158542,F,18-25,3,B,3,0,5,5430,0.7604377338367527
1000018,P00157542,F,18-25,3,B,3,0,8,8011,0.24845840890623527
1000018,P00044142,F,18-25,3,B,3,0,8,5912,0.6648259420442267
1000019,P00112542,M,0-17,10,A,3,0,1,7746,0.30102505792079826
1000019,P00339542,M,0-17,10,A,3,0,1,19525,2.0355128995982117
1000019,P00127842,M,0-17,10,A,3,0,1,11959,0.5346854790541222
1000019,P00125942,M,0-17,10,A,3,0,1,19172,1.9654901558165485
1000019,P00251342,M,0-17,10,A,3,0,5,8773,0.09730449740020881
1000019,P00249642,M,0-17,10,A,3,0,3,11023,0.34901610744042044
1000019,P00124842,M,0-17,10,A,3,0,11,4654,0.9143687513284542
1000019,P00250642,M,0-17,10,A,3,0,11,4664,0.9123851041958291
1000019,P00058142,M,0-17,10,A,3,0,3,8290,0.19311465390599725
1000019,P00117442,M,0-17,10,A,3,0,5,7011,0.44682312216873715
1000019,P00251642,M,0-17,10,A,3,0,1,4211,1.0022443193037425
1000019,P00244842,M,0-17,10,A,3,0,11,1539,1.5322748331411475
1000021,P00220242,M,18-25,16,B,0,0,3,3055,1.2315539278351946
1000022,P00351142,M,18-25,15,A,4+,0,1,12099,0.5624565389108724
1000022,P00213242,M,18-25,15,A,4+,0,5,8797,0.09254374428190877
1000022,P00195942,M,18-25,15,A,4+,0,3,10681,0.2811753755046448
1000022,P00115642,M,18-25,15,A,4+,0,8,7801,0.2901149986913607
1000022,P0098242,M,18-25,15,A,4+,0,1,15517,1.2404671288421039
1000022,P00262242,M,18-25,15,A,4+,0,1,12098,0.5622581741976099
1000022,P00258742,M,18-25,15,A,4+,0,5,6976,0.45376588713292476
1000022,P00218242,M,18-25,15,A,4+,0,5,5384,0.7695625106468278
1000022,P00021742,M,18-25,15,A,4+,0,5,6973,0.45436098127271224
1000022,P00313042,M,18-25,15,A,4+,0,5,5168,0.8124092887115282
1000022,P00133742,M,18-25,15,A,4+,0,5,3449,1.153398230809769
1000022,P00077042,M,18-25,15,A,4+,0,5,7177,0.4138945797671619
1000022,P00280542,M,18-25,15,A,4+,0,11,4570,0.9310313872425043
1000022,P00225842,M,18-25,15,A,4+,0,2,9564,0.05960199079043018
1000023,P00278942,M,36-45,0,B,3,1,1,15766,1.289859942444467
1000023,P00004742,M,36-45,0,B,3,1,6,8481,0.1552269936728594
1000023,P00198042,M,36-45,0,B,3,1,11,6108,0.6259464582447763
1000023,P00177442,M,36-45,0,B,3,1,1,15354,1.2081336805803162
1000023,P00000642,M,36-45,0,B,3,1,1,12015,0.5457939029968223
1000023,P00288942,M,36-45,0,B,3,1,1,15371,1.2115058807057786
1000023,P00270942,M,36-45,0,B,3,1,1,19239,1.9787805916051362
1000023,P00345842,M,36-45,0,B,3,1,2,16137,1.3634532510648552
1000023,P00032042,M,36-45,0,B,3,1,1,11887,0.5204032196992221
1000023,P00313042,M,36-45,0,B,3,1,5,5183,0.8094338180125906
1000023,P00112342,M,36-45,0,B,3,1,13,584,1.7217131343068366
1000023,P00031842,M,36-45,0,B,3,1,1,7601,0.3297879413438611
1000024,P00346642,F,26-35,7,A,3,1,8,2230,1.3952048162767587
1000024,P00205642,F,26-35,7,A,3,1,5,6940,0.4609070168103748
1000024,P00248942,F,26-35,7,A,3,1,1,15774,1.2914468601505669
1000025,P00206442,M,18-25,4,C,4+,0,1,15361,1.2095222335731537
1000025,P00046742,M,18-25,4,C,4+,0,1,15770,1.290653401297517
1000025,P00120042,M,18-25,4,C,4+,0,1,18974,1.926213942590573
1000026,P00043242,M,26-35,7,B,2,1,5,1848,1.4709801367430344
1000026,P00057242,M,26-35,7,B,2,1,5,3624,1.118684405988831
1000026,P00022842,M,26-35,7,B,2,1,5,5275,0.7911842643924405
1000026,P00252042,M,26-35,7,B,2,1,5,5356,0.7751167226181778
1000026,P00042242,M,26-35,7,B,2,1,5,5411,0.7642066633887402
1000026,P00059542,M,26-35,7,B,2,1,2,9734,0.0933239920450555
1000026,P00346642,M,26-35,7,B,2,1,8,7814,0.28753625741894817
1000026,P00021242,M,26-35,7,B,2,1,8,6098,0.6279301053774015
1000026,P00023042,M,26-35,7,B,2,1,5,5195,0.8070534414534406
1000026,P00144242,M,26-35,7,B,2,1,5,5220,0.802094323621878
1000026,P00101342,M,26-35,7,B,2,1,6,16093,1.3547252036813051
1000026,P00289342,M,26-35,7,B,2,1,5,3702,1.103211958354356
1000027,P00281742,M,26-35,11,C,1,1,5,8696,0.11257858032142148
1000027,P00266642,M,26-35,11,C,1,1,1,7730,0.3041988933329983
1000027,P00323742,M,26-35,11,C,1,1,8,9836,0.11355719279783068
1000027,P00116342,M,26-35,11,C,1,1,2,16500,1.4354596419791432
1000027,P00117142,M,26-35,11,C,1,1,2,15903,1.3170359081614298
1000028,P00084442,F,26-35,1,C,2,1,13,758,1.6871976741991614
1000028,P00331542,F,26-35,1,C,2,1,5,6904,0.4680481464878249
1000028,P00118742,F,26-35,1,C,2,1,5,8690,0.1137687686009965
1000028,P00178942,F,26-35,1,C,2,1,5,8624,0.1268608396763216
1000028,P00026042,F,26-35,1,C,2,1,8,3904,1.0631422862753306
1000029,P00233542,M,36-45,7,C,1,0,1,19068,1.9448602256372485
1000029,P00127242,M,36-45,7,C,1,0,1,7963,0.25797991514283536
1000029,P00349942,M,36-45,7,C,1,0,1,15511,1.239276940562529
1000029,P00303342,M,36-45,7,C,1,0,1,11859,0.514849007727872
1000030,P00051442,F,36-45,7,C,3,0,8,9735,0.093522356758318
1000030,P00275642,F,36-45,7,C,3,0,8,4166,1.0111707314005551
1000030,P00278642,F,36-45,7,C,3,0,5,6927,0.46348575808278736
1000031,P00117442,M,55+,7,C,2,0,5,8596,0.13241505164767167
1000031,P00322042,M,55+,7,C,2,0,5,5248,0.7965401116505281
1000031,P00216342,M,55+,7,C,2,0,3,10592,0.2635209160242821
1000031,P00329342,M,55+,7,C,2,0,5,3482,1.1468521952721065
1000032,P00332342,F,26-35,0,C,3,1,5,7134,0.42242426243744946
1000033,P00285442,M,46-50,3,A,1,1,8,7854,0.27960166888844806
1000033,P00111742,M,46-50,3,A,1,1,15,17391,1.6122026014960325
1000033,P00293742,M,46-50,3,A,1,1,8,6074,0.6326908584957015
1000033,P00032842,M,46-50,3,A,1,1,8,6119,0.6237644463988888
1000033,P00216142,M,46-50,3,A,1,1,1,15333,1.2039680216018036
1000033,P00001642,M,46-50,3,A,1,1,8,6129,0.6217807992662638
1000033,P00351842,M,46-50,3,A,1,1,5,5265,0.7931679115250655
1000033,P00145442,M,46-50,3,A,1,1,8,7888,0.272857268637523
1000033,P00344242,M,46-50,3,A,1,1,8,4035,1.0371565088379429
1000033,P00327242,M,46-50,3,A,1,1,5,5280,0.7901924408261279
1000033,P00241142,M,46-50,3,A,1,1,8,7909,0.26869160965901046
1000033,P00219242,M,46-50,3,A,1,1,4,811,1.6766843443962487
1000033,P00057342,M,46-50,3,A,1,1,4,2846,1.2730121529070575
1000033,P00165742,M,46-50,3,A,1,1,8,7994,0.2518306090316978
1000033,P00154642,M,46-50,3,A,1,1,8,3897,1.064530839268168
1000034,P00192942,F,18-25,0,A,0,0,5,6996,0.4497985928676747
1000034,P00247042,F,18-25,0,A,0,0,5,8593,0.13301014578745918
1000034,P00150542,F,18-25,0,A,0,0,5,6917,0.46546940521541236
1000034,P00347142,F,18-25,0,A,0,0,5,5329,0.7804725698762653
1000034,P00326742,F,18-25,0,A,0,0,11,5942,0.6588750006463517
1000034,P00085942,F,18-25,0,A,0,0,2,15895,1.3154489904553297
1000034,P00330442,F,18-25,0,A,0,0,5,7165,0.4162749563263119
1000034,P00327842,F,18-25,0,A,0,0,8,9846,0.1155408399304557
1000034,P00218342,F,18-25,0,A,0,0,5,8701,0.11158675675510897
1000034,P00259042,F,18-25,0,A,0,0,5,8757,0.10047833281240885
1000035,P00102542,M,46-50,1,C,4+,1,8,6109,0.6257480935315138
1000035,P00285442,M,46-50,1,C,4+,1,8,6139,0.6197971521336388
1000035,P00121142,M,46-50,1,C,4+,1,8,5897,0.6678014127431643
1000035,P00228242,M,46-50,1,C,4+,1,8,3990,1.0460829209347553
1000035,P00129542,M,46-50,1,C,4+,1,8,6153,0.6170200461479638
1000035,P00309542,M,46-50,1,C,4+,1,5,5319,0.7824562170088903
1000035,P00106742,M,46-50,1,C,4+,1,3,10767,0.29823474084521995
1000036,P00102642,M,26-35,3,B,0,0,4,2832,1.2757892588927326
1000036,P00127442,M,26-35,3,B,0,0,1,8066,0.23754834967679767
1000036,P00345642,M,26-35,3,B,0,0,1,15812,1.298984719254542
1000036,P00357842,M,26-35,3,B,0,0,5,6967,0.45555116955228725
1000036,P00115342,M,26-35,3,B,0,0,5,6922,0.46447758164909986
1000036,P00174442,M,26-35,3,B,0,0,5,8621,0.12745593381610912
1000036,P00282642,M,26-35,3,B,0,0,5,7030,0.44305419261674966
1000036,P00150542,M,26-35,3,B,0,0,5,7172,0.4148864033334744
1000036,P00037142,M,26-35,3,B,0,0,1,15769,1.2904550365842544
1000036,P00192042,M,26-35,3,B,0,0,5,6871,0.4745941820254874
1000036,P00197542,M,26-35,3,B,0,0,5,7171,0.4150847680467369
1000036,P00048742,M,26-35,3,B,0,0,5,7139,0.4214324388711369
1000036,P00110142,M,26-35,3,B,0,0,7,16280,1.391819405061393
1000036,P00120842,M,26-35,3,B,0,0,8,9894,0.1250623461670558
1000036,P00267742,M,26-35,3,B,0,0,5,3664,1.110749817458331
1000036,P00086442,M,26-35,3,B,0,0,8,7869,0.27662619818951056
1000036,P00331842,M,26-35,3,B,0,0,16,16866,1.508061127033219
1000036,P00288642,M,26-35,3,B,0,0,16,20442,2.2174133416599258
1000036,P00318742,M,26-35,3,B,0,0,1,11518,0.44720664050535885
1000036,P00028442,M,26-35,3,B,0,0,1,15285,1.1944465153652035
1000036,P00208342,M,26-35,3,B,0,0,1,15524,1.2418556818349415
1000036,P00193542,M,26-35,3,B,0,0,1,19278,1.9865168154223738
1000036,P00277442,M,26-35,3,B,0,0,1,15445,1.2261848694872037
1000037,P00085242,F,26-35,9,C,1,0,8,8034,0.24389602050119774
1000039,P00279442,M,18-25,4,B,2,0,16,12464,0.6348596592516856
1000039,P00351142,M,18-25,4,B,2,0,1,15319,1.2011909156161287
1000041,P00235242,F,18-25,4,C,3,0,8,5915,0.6642308479044392
1000041,P00251542,F,18-25,4,C,3,0,11,6025,0.6424107294455641
1000042,P00046742,M,26-35,8,C,0,1,1,19433,2.0172633459780616
1000042,P00003242,M,26-35,8,C,0,1,8,6027,0.6420140000190391
1000042,P00221542,M,26-35,8,C,0,1,5,7040,0.4410705454841246
1000042,P00142142,M,26-35,8,C,0,1,1,11965,0.5358756673336972
1000042,P00044442,M,26-35,8,C,0,1,1,15469,1.2309456226055038
1000042,P00147742,M,26-35,8,C,0,1,1,11925,0.5279410788031972
1000042,P00030942,M,26-35,8,C,0,1,4,2826,1.2769794471723077
1000042,P00288042,M,26-35,8,C,0,1,8,4013,1.0415205325297179
1000042,P00313142,M,26-35,8,C,0,1,8,5914,0.6644292126177017
1000042,P00195442,M,26-35,8,C,0,1,5,7176,0.4140929444804244
1000043,P00255842,M,26-35,12,A,0,0,16,20961,2.3203646278431647
1000044,P00112142,M,46-50,17,B,3,1,1,19072,1.9456536844902983
1000044,P00120342,M,46-50,17,B,3,1,5,7179,0.41349785034063685
1000044,P00110542,M,46-50,17,B,3,1,8,7995,0.2516322443184353
1000044,P00279942,M,46-50,17,B,3,1,8,4124,1.0195020493575802
1000044,P00303742,M,46-50,17,B,3,1,8,7772,0.29586757537597325
1000044,P00140742,M,46-50,17,B,3,1,1,11799,0.5029471249321219
1000044,P00190042,M,46-50,17,B,3,1,3,13251,0.7909726885892746
1000044,P00316742,M,46-50,17,B,3,1,4,3524,1.1385208773150812
1000044,P00233542,M,46-50,17,B,3,1,1,15853,1.3071176724983047
1000044,P00115242,M,46-50,17,B,3,1,5,1728,1.4947839023345346
1000044,P00338442,M,46-50,17,B,3,1,1,11693,0.48192046532629673
1000044,P00302842,M,46-50,17,B,3,1,8,7852,0.2799983983149731
1000044,P00124842,M,46-50,17,B,3,1,11,1582,1.52374515047086
1000045,P00066442,F,46-50,16,A,1,1,5,6950,0.45892336967774977
1000045,P00273442,F,46-50,16,A,1,1,12,1414,1.5570704222989602
1000045,P00210142,F,46-50,16,A,1,1,14,4325,0.9796307419918173
1000045,P00212542,F,46-50,16,A,1,1,8,4028,1.0385450618307803
1000045,P00321742,F,46-50,16,A,1,1,5,3432,1.1567704309352314
1000045,P00020042,F,46-50,16,A,1,1,5,3715,1.1006332170819435
1000045,P00051942,F,46-50,16,A,1,1,5,3540,1.1353470419028813
1000045,P00251342,F,46-50,16,A,1,1,5,5352,0.7759101814712278
1000045,P00303542,F,46-50,16,A,1,1,5,1828,1.4749474310082844
1000045,P00228142,F,46-50,16,A,1,1,5,7159,0.4174651446058869
1000046,P00123142,M,18-25,19,C,4+,0,11,7614,0.32720920007144855
1000046,P00079542,M,18-25,19,C,4+,0,5,1784,1.4836754783918347
1000046,P00103142,M,18-25,19,C,4+,0,1,3978,1.0484632974939054
1000046,P00305542,M,18-25,19,C,4+,0,11,7478,0.35418680107514877
1000047,P00031042,M,18-25,4,C,4+,1,8,8043,0.24211073808183523
1000047,P00260042,M,18-25,4,C,4+,1,5,6912,0.46646122878172486
1000048,P00055642,M,26-35,4,B,3,1,4,1447,1.5505243867612977
1000048,P00312742,M,26-35,4,B,3,1,15,4338,0.9770520007194048
1000048,P00010742,M,26-35,4,B,3,1,1,19352,2.0011958042037987
1000048,P00147742,M,26-35,4,B,3,1,1,11420,0.42776689860563366
1000048,P00303742,M,26-35,4,B,3,1,8,5897,0.6678014127431643
1000048,P00223242,M,26-35,4,B,3,1,5,7048,0.4394836277780246
1000048,P00114942,M,26-35,4,B,3,1,1,15783,1.2932321425699294
1000048,P00277442,M,26-35,4,B,3,1,1,11396,0.4230061454873336
1000048,P00183242,M,26-35,4,B,3,1,5,5180,0.8100289121523782
1000048,P00030842,M,26-35,4,B,3,1,1,15549,1.246814799666504
1000048,P00220142,M,26-35,4,B,3,1,1,11935,0.5299247259358222
1000048,P00130442,M,26-35,4,B,3,1,3,8091,0.23258923184523514
1000048,P00323042,M,26-35,4,B,3,1,5,7001,0.4488067693013622
1000048,P00344742,M,26-35,4,B,3,1,5,1747,1.4910149727825472
1000048,P00182442,M,26-35,4,B,3,1,5,5252,0.795746652797478
1000048,P00015342,M,26-35,4,B,3,1,2,6407,0.5666354089792883
1000048,P00113242,M,26-35,4,B,3,1,1,15466,1.2303505284657164
1000048,P00288042,M,26-35,4,B,3,1,8,7781,0.2940822929566107
1000048,P00103042,M,26-35,4,B,3,1,1,15849,1.3063242136452546
1000048,P00187842,M,26-35,4,B,3,1,1,11430,0.4297505457382587
1000048,P00162442,M,26-35,4,B,3,1,1,11404,0.42459306319343365
1000048,P00078542,M,26-35,4,B,3,1,1,11853,0.513658819448297
1000048,P0094142,M,26-35,4,B,3,1,4,1446,1.5507227514745603
1000048,P00324442,M,26-35,4,B,3,1,11,3101,1.2224291510251195
1000048,P00041642,M,26-35,4,B,3,1,5,3694,1.104798876060456
1000048,P00050542,M,26-35,4,B,3,1,5,3696,1.1044021466339309
1000048,P00006442,M,26-35,4,B,3,1,5,3580,1.1274124533723813
1000049,P00051442,M,18-25,12,C,4+,1,8,9879,0.12208687546811826
1000049,P00350942,M,18-25,12,C,4+,1,3,10783,0.30140857625741996
1000049,P00000142,M,18-25,12,C,4+,1,3,13353,0.8112058893420498
1000049,P00127242,M,18-25,12,C,4+,1,1,15715,1.2797433420680793
1000049,P00034042,M,18-25,12,C,4+,1,1,11463,0.43629658127592125
1000049,P00143142,M,18-25,12,C,4+,1,8,7763,0.29765285779533573
1000050,P00317942,F,26-35,2,A,1,1,8,5878,0.6715703422951518
1000050,P00335542,F,26-35,2,A,1,1,8,5845,0.6781163778328144
1000051,P00361842,F,0-17,10,C,2,0,15,17271,1.5883988359045322
1000052,P00147942,M,18-25,4,C,0,0,1,15244,1.186313562121441
1000052,P00000642,M,18-25,4,C,0,0,1,19060,1.9432733079311484
1000052,P00037142,M,18-25,4,C,0,0,1,15772,1.2910501307240418
1000052,P00028042,M,18-25,4,C,0,0,1,8159,0.219100431343385
1000053,P00117542,M,26-35,0,B,1,0,18,3794,1.0849624047342057
1000053,P00120342,M,26-35,0,B,1,0,5,8637,0.1242820984039091
1000053,P00130742,M,26-35,0,B,1,0,1,19251,1.9811609681642863
1000053,P00024142,M,26-35,0,B,1,0,8,10021,0.15025466475139354
1000053,P00127242,M,26-35,0,B,1,0,1,15734,1.2835122716200669
1000053,P00209742,M,26-35,0,B,1,0,1,19662,2.0626888653151747
1000053,P00160042,M,26-35,0,B,1,0,1,19416,2.013891145852599
1000053,P00042342,M,26-35,0,B,1,0,8,5996,0.6481633061301766
1000053,P00016542,M,26-35,0,B,1,0,1,11937,0.5303214553623472
1000053,P00016742,M,26-35,0,B,1,0,1,15859,1.3083078607778795
1000053,P00227642,M,26-35,0,B,1,0,1,11723,0.4878714067241718
1000053,P00146142,M,26-35,0,B,1,0,1,11793,0.501756936652547
1000053,P00070542,M,26-35,0,B,1,0,3,13689,0.8778564329982504
1000053,P00129842,M,26-35,0,B,1,0,6,16306,1.3969768876062179
1000053,P00243942,M,26-35,0,B,1,0,1,19171,1.9652917911032861
1000053,P00246742,M,26-35,0,B,1,0,11,1629,1.5144220089475224
1000053,P00310142,M,26-35,0,B,1,0,5,6931,0.4626922992297373
1000053,P00244142,M,26-35,0,B,1,0,1,12004,0.5436118911509348
1000053,P00085442,M,26-35,0,B,1,0,12,1752,1.4900231492162346
1000053,P00190142,M,26-35,0,B,1,0,3,10766,0.29803637613195744
1000053,P00109242,M,26-35,0,B,1,0,6,20529,2.2346710717137634
1000053,P00089342,M,26-35,0,B,1,0,8,9856,0.11752448706308072
1000053,P00288542,M,26-35,0,B,1,0,8,8000,0.2506404207521228
1000053,P00212242,M,26-35,0,B,1,0,8,10038,0.15362686487685606
1000053,P00319342,M,26-35,0,B,1,0,5,8685,0.114760592167309
1000053,P00302942,M,26-35,0,B,1,0,8,7796,0.2911068222576732
1000053,P00145942,M,26-35,0,B,1,0,6,20474,2.223761012484326
1000053,P00026342,M,26-35,0,B,1,0,8,7820,0.28634606913937316
1000053,P00148842,M,26-35,0,B,1,0,6,16477,1.4308972535741058
1000054,P00299842,M,51-55,1,C,4+,1,8,6198,0.6080936340511512
1000054,P00313342,M,51-55,1,C,4+,1,5,5185,0.8090370885860656
1000056,P00102442,M,36-45,20,C,0,1,8,5980,0.6513371415423767
1000056,P00237542,M,36-45,20,C,0,1,1,11370,0.4178486629425086
1000056,P00213742,M,36-45,20,C,0,1,8,9834,0.11316046337130568
1000056,P0099342,M,36-45,20,C,0,1,5,2012,1.4384483237679841
1000057,P00171542,M,18-25,19,C,2,0,2,3581,1.1272140886591187
1000057,P00135742,M,18-25,19,C,2,0,6,12131,0.5688042097352726
1000057,P00350342,M,18-25,19,C,2,0,1,4290,0.9865735069560049
1000058,P00110742,M,26-35,2,B,3,0,1,15824,1.301365095813692
1000058,P00117642,M,26-35,2,B,3,0,10,23603,2.8444442002826946
1000058,P00114142,M,26-35,2,B,3,0,8,9940,0.13418712297713087
1000058,P00119142,M,26-35,2,B,3,0,3,13557,0.8516722908476002
1000058,P00280742,M,26-35,2,B,3,0,6,16420,1.4195904649181432
1000058,P00271142,M,26-35,2,B,3,0,5,8842,0.08361733218509619
1000058,P00348242,M,26-35,2,B,3,0,8,7959,0.2587733739958854
1000058,P00003942,M,26-35,2,B,3,0,5,6987,0.4515838752870372
1000058,P00282642,M,26-35,2,B,3,0,5,6855,0.4777680174376875
1000058,P00288642,M,26-35,2,B,3,0,16,16579,1.451130454326881
1000058,P00151742,M,26-35,2,B,3,0,8,5851,0.6769261895532394
1000058,P00244142,M,26-35,2,B,3,0,1,8147,0.22148080790253502
1000058,P00050642,M,26-35,2,B,3,0,15,12850,0.7114284385710113
1000059,P00114742,F,51-55,1,B,4+,1,8,5899,0.6674046833166393
1000059,P00113942,F,51-55,1,B,4+,1,8,3993,1.0454878267949679
1000059,P00120942,F,51-55,1,B,4+,1,8,8084,0.23397778483807263
1000059,P00083842,F,51-55,1,B,4+,1,5,7159,0.4174651446058869
1000059,P00148642,F,51-55,1,B,4+,1,6,12014,0.5455955382835598
1000059,P00317842,F,51-55,1,B,4+,1,8,8007,0.2492518677592853
1000059,P00030642,F,51-55,1,B,4+,1,8,6141,0.6194004227071138
1000059,P00273642,F,51-55,1,B,4+,1,8,9695,0.08558776822781793
1000059,P00002542,F,51-55,1,B,4+,1,8,5900,0.6672063186033768
1000059,P00331642,F,51-55,1,B,4+,1,12,1384,1.5630213636968353
1000059,P00331242,F,51-55,1,B,4+,1,12,1432,1.5534998574602352
1000059,P0096442,F,51-55,1,B,4+,1,4,2074,1.4261497115457091
1000059,P00050242,F,51-55,1,B,4+,1,8,7864,0.27761802175582306
1000059,P00131942,F,51-55,1,B,4+,1,7,8784,0.0951224855543213
1000059,P00010742,F,51-55,1,B,4+,1,1,7988,0.2530207973112728
1000060,P00150542,M,51-55,1,C,1,1,5,2048,1.4313071940905342
1000060,P00132042,M,51-55,1,C,1,1,13,742,1.6903715096113614
1000061,P00334242,M,26-35,17,C,1,0,1,15365,1.2103156924262037
1000062,P00013742,F,36-45,3,A,1,0,5,5234,0.799317217636203
1000062,P00036842,F,36-45,3,A,1,0,1,11694,0.4821188300395592
1000062,P00119342,F,36-45,3,A,1,0,10,23792,2.8819351310893073
1000062,P00182142,F,36-45,3,A,1,0,1,15654,1.2676430945590667
1000062,P00188942,F,36-45,3,A,1,0,8,9844,0.1151441105039307
1000062,P00203142,F,36-45,3,A,1,0,16,16698,1.4747358552051186
1000062,P00320442,F,36-45,3,A,1,0,6,15957,1.3277476026776047
1000062,P00121642,F,36-45,3,A,1,0,5,8599,0.13181995750788417
1000062,P00289542,F,36-45,3,A,1,0,8,8138,0.22326609032189754
1000062,P00329742,F,36-45,3,A,1,0,6,12422,0.6265283412946606
1000062,P00326642,F,36-45,3,A,1,0,8,7766,0.29705776365554826
1000062,P00346142,F,36-45,3,A,1,0,1,15208,1.179172432443991
1000062,P00336142,F,36-45,3,A,1,0,5,5284,0.7893989819730779
1000062,P00111442,F,36-45,3,A,1,0,8,7965,0.2575831857163104
1000062,P00087242,F,36-45,3,A,1,0,14,11279,0.39979747403562094
1000063,P00234742,M,18-25,4,C,2,0,8,5881,0.6709752481553644
1000063,P00021742,M,18-25,4,C,2,0,5,8587,0.1342003340670342
1000063,P00090842,M,18-25,4,C,2,0,11,7552,0.3395078122937236
1000063,P00214542,M,18-25,4,C,2,0,8,2226,1.3959982751298088
1000064,P00110942,M,18-25,1,A,1,1,1,19462,2.0230159226626743
1000065,P00289942,M,36-45,12,C,2,1,3,13253,0.7913694180157996
1000065,P00147942,M,36-45,12,C,2,1,1,19420,2.014684604705649
1000065,P00216142,M,36-45,12,C,2,1,1,19409,2.0125025928597617
1000065,P00104842,M,36-45,12,C,2,1,8,9889,0.12407052260074329
1000065,P00113142,M,36-45,12,C,2,1,1,15628,1.2624856120142416
1000065,P00177942,M,36-45,12,C,2,1,5,7053,0.4384918042117121
1000066,P00265242,M,26-35,18,C,2,0,5,8652,0.12130662770497157
1000067,P00118142,F,51-55,5,C,4+,1,8,8088,0.23318432598502264
1000067,P00003642,F,51-55,5,C,4+,1,8,9878,0.12188851075485577
1000067,P00178342,F,51-55,5,C,4+,1,8,7771,0.29606594008923576
1000068,P00289742,M,18-25,4,A,0,0,8,9938,0.13379039355060587
1000068,P00085042,M,18-25,4,A,0,0,5,7036,0.44186400433717465
1000068,P00248942,M,18-25,4,A,0,0,1,11429,0.4295521810249962
1000069,P00184942,F,26-35,1,A,1,0,1,11715,0.48628448901807175
1000069,P00041542,F,26-35,1,A,1,0,8,7973,0.25599626801021036
1000070,P00249142,M,18-25,4,A,2,0,5,7076,0.43392941580667455
1000070,P00284042,M,18-25,4,A,2,0,8,2304,1.3805258274953336
1000071,P00165442,M,26-35,14,A,0,1,1,11846,0.5122702664554595
1000071,P00115942,M,26-35,14,A,0,1,8,7908,0.26888997437227297
1000071,P00278642,M,26-35,14,A,0,1,5,5223,0.8014992294820905
1000071,P00021742,M,26-35,14,A,0,1,5,6996,0.4497985928676747
1000072,P00156442,F,46-50,0,B,1,1,8,7968,0.25698809157652286
1000072,P00318742,F,46-50,0,B,1,1,1,15426,1.2224159399352164
1000073,P00351142,M,18-25,4,A,4+,0,1,15900,1.3164408140216421
1000073,P00074442,M,18-25,4,A,4+,0,1,11822,0.5075095133371594
1000073,P00047242,M,18-25,4,A,4+,0,1,7802,0.2899166339780982
1000073,P00199042,M,18-25,4,A,4+,0,1,15624,1.2616921531611918
1000073,P00192542,M,18-25,4,A,4+,0,1,15212,1.1799658912970408
1000074,P00351142,M,36-45,14,A,2,1,1,15581,1.2531624704909041
1000074,P00350042,M,36-45,14,A,2,1,6,12409,0.6239496000222481
1000075,P00248442,F,0-17,10,C,4+,0,3,13337,0.8080320539298498
1000075,P00172842,F,0-17,10,C,4+,0,3,13667,0.8734924093064754
1000075,P00198142,F,0-17,10,C,4+,0,2,12746,0.6907985083917112
1000075,P00282142,F,0-17,10,C,4+,0,3,5349,0.7765052756110153
1000075,P00166942,F,0-17,10,C,4+,0,2,16187,1.3733714867279803
1000075,P00187742,F,0-17,10,C,4+,0,2,16320,1.399753993591893
1000075,P00003442,F,0-17,10,C,4+,0,4,2129,1.4152396523162714
1000075,P00060242,F,0-17,10,C,4+,0,3,11055,0.3553637782648205
1000075,P00137642,F,0-17,10,C,4+,0,3,11000,0.3444537190353829
1000075,P00106742,F,0-17,10,C,4+,0,3,10578,0.2607438100386071
1000076,P00126142,M,36-45,7,B,2,1,8,7909,0.26869160965901046
1000076,P00219842,M,36-45,7,B,2,1,5,7190,0.41131583849474934
1000076,P00046142,M,36-45,7,B,2,1,1,15393,1.2158699043975538
1000076,P00338442,M,36-45,7,B,2,1,1,11867,0.516435925433972
1000076,P00328142,M,36-45,7,B,2,1,8,5973,0.6527256945352141
1000077,P00255542,M,18-25,4,C,2,0,5,6909,0.4670563229215124
1000077,P00250842,M,18-25,4,C,2,0,8,6144,0.6188053285673263
1000077,P00260142,M,18-25,4,C,2,0,5,5432,0.7600410044102277
1000078,P0097142,F,46-50,1,C,0,1,12,1720,1.4963708200406347
1000078,P00209842,F,46-50,1,C,0,1,5,6852,0.47836311157747496
1000078,P00212942,F,46-50,1,C,0,1,5,7061,0.4369048865056121
1000078,P00283942,F,46-50,1,C,0,1,5,6868,0.47518927616527495
1000078,P00303242,F,46-50,1,C,0,1,5,8598,0.13201832222114668
1000078,P00170442,F,46-50,1,C,0,1,5,3624,1.118684405988831
1000078,P00045842,F,46-50,1,C,0,1,5,6986,0.4517822400002997
1000078,P00040442,F,46-50,1,C,0,1,5,6862,0.47637946444484996
1000079,P00195842,F,46-50,0,A,1,0,3,7962,0.25817827985609787
1000079,P00148642,F,46-50,0,A,1,0,6,15943,1.3249704966919298
1000080,P00157542,M,55+,1,C,3,1,8,9788,0.10403568656123059
1000080,P00293242,M,55+,1,C,3,1,8,9859,0.11811958120286822
1000080,P00064042,M,55+,1,C,3,1,3,8248,0.20144597186302232
1000081,P00344242,F,26-35,0,A,1,1,8,10058,0.15759415914210612
1000082,P00015542,M,26-35,17,C,2,1,1,8162,0.2185053372035975
1000082,P00001642,M,26-35,17,C,2,1,8,8045,0.2417140086553102
1000083,P00105142,F,26-35,2,C,1,0,1,15584,1.2537575646306915
1000083,P00251242,F,26-35,2,C,1,0,5,8775,0.09690776797368382
1000083,P00183442,F,26-35,2,C,1,0,1,7996,0.2514338796051728
1000083,P00199442,F,26-35,2,C,1,0,5,6889,0.4710236171867624
1000083,P00054542,F,26-35,2,C,1,0,1,11730,0.48925995971700925
1000084,P00034742,M,18-25,4,C,1,0,5,5315,0.7832496758619404
1000084,P00042242,M,18-25,4,C,1,0,5,3497,1.143876724573169
1000084,P00277442,M,18-25,4,C,1,0,1,11896,0.5221885021185846
1000084,P00163142,M,18-25,4,C,1,0,6,20595,2.247763142789089
1000085,P00027142,M,18-25,4,C,1,0,8,5986,0.6501469532628016
1000086,P00145042,F,0-17,10,C,3,0,1,19283,1.9875086389886862
1000086,P00053942,F,0-17,10,C,3,0,1,19442,2.019048628397424
1000087,P00173342,M,26-35,14,C,2,0,1,4121,1.0200971434973676
1000087,P00233342,M,26-35,14,C,2,0,1,3847,1.0744490749312932
1000087,P00036842,M,26-35,14,C,2,0,1,4528,0.9393627051995294
1000088,P00010842,F,46-50,1,C,1,1,8,10022,0.15045302946465602
1000088,P00120242,F,46-50,1,C,1,1,8,7809,0.28852808098526067
1000088,P00313342,F,46-50,1,C,1,1,5,7019,0.4452362044626372
1000089,P00223942,F,55+,9,C,1,1,5,8804,0.09115519128907126
1000089,P00362342,F,55+,9,C,1,1,5,1747,1.4910149727825472
1000090,P00027542,M,55+,13,C,1,0,8,6122,0.6231693522591013
1000090,P00051442,M,55+,13,C,1,0,8,7824,0.2855526102863231
1000090,P00234842,M,55+,13,C,1,0,5,8714,0.10900801548269644
1000090,P00029242,M,55+,13,C,1,0,8,7786,0.2930904693902982
1000090,P0097842,M,55+,13,C,1,0,5,6975,0.4539642518461872
1000090,P00160942,M,55+,13,C,1,0,1,15433,1.2238044929280538
1000090,P00136542,M,55+,13,C,1,0,5,3667,1.1101547233185436
1000090,P00223242,M,55+,13,C,1,0,5,5354,0.7755134520447028
1000090,P00127942,M,55+,13,C,1,0,1,11605,0.46446437055919654
1000090,P00248542,M,55+,13,C,1,0,8,6078,0.6318973996426515
1000090,P00145842,M,55+,13,C,1,0,4,1463,1.5473505513490977
1000090,P00214342,M,55+,13,C,1,0,5,2010,1.4388450531945092
1000090,P00161542,M,55+,13,C,1,0,2,10009,0.14787428819224352
1000090,P00001942,M,55+,13,C,1,0,5,7178,0.41369621505389936
1000091,P00010842,M,36-45,7,C,3,1,8,6013,0.6447911060047141
1000091,P00220442,M,36-45,7,C,3,1,5,8858,0.08044349677289615
1000091,P00278642,M,36-45,7,C,3,1,5,5252,0.795746652797478
1000091,P00138542,M,36-45,7,C,3,1,5,8771,0.09770122682673382
1000092,P00317942,F,18-25,4,B,1,0,8,7884,0.273650727490573
1000092,P00190042,F,18-25,4,B,1,0,3,13400,0.8205290308653874
1000092,P00328042,F,18-25,4,B,1,0,8,2233,1.3946097221369713
1000092,P00370242,F,18-25,4,B,1,0,5,3545,1.1343552183365688
1000092,P00340642,F,18-25,4,B,1,0,5,1868,1.4670128424777844
1000092,P00358242,F,18-25,4,B,1,0,8,5916,0.6640324831911768
1000092,P0096542,F,18-25,4,B,1,0,3,5780,0.691010084194877
1000092,P0096942,F,18-25,4,B,1,0,3,5755,0.6959692020264395
1000092,P00074142,F,18-25,4,B,1,0,3,3126,1.217470033193557
1000092,P00273442,F,18-25,4,B,1,0,12,1387,1.5624262695570479
1000092,P00270042,F,18-25,4,B,1,0,8,2114,1.418215123015209
1000092,P00255842,F,18-25,4,B,1,0,16,16416,1.4187970060650932
1000092,P00223842,F,18-25,4,B,1,0,2,3460,1.1512162189638815
1000092,P00014842,F,18-25,4,B,1,0,1,11449,0.43351947529024626
1000092,P00274342,F,18-25,4,B,1,0,2,6434,0.5612795617212007
1000093,P00199442,M,26-35,17,B,1,1,5,7038,0.44146727491064963
1000093,P00216342,M,26-35,17,B,1,1,3,11031,0.3506030251465205
1000093,P00070542,M,26-35,17,B,1,1,3,13293,0.7993040065462997
1000093,P00112542,M,26-35,17,B,1,1,1,15895,1.3154489904553297
1000093,P00346142,M,26-35,17,B,1,1,1,19247,1.9803675093112363
1000093,P00208742,M,26-35,17,B,1,1,1,8058,0.2391352673828977
1000093,P00248942,M,26-35,17,B,1,1,1,11754,0.4940207128353093
1000093,P00351142,M,26-35,17,B,1,1,1,12037,0.5501579266885973
1000093,P00304442,M,26-35,17,B,1,1,1,15479,1.2329292697381289
1000093,P00014042,M,26-35,17,B,1,1,1,7836,0.2831722337271731
1000093,P00028442,M,26-35,17,B,1,1,1,15901,1.3166391787349048
1000093,P00155442,M,26-35,17,B,1,1,1,11533,0.4501821112042964
1000093,P00133442,M,26-35,17,B,1,1,1,11601,0.46367091170614655
1000093,P00159842,M,26-35,17,B,1,1,1,4251,0.9943097307732424
1000093,P00019942,M,26-35,17,B,1,1,1,8289,0.19331301861925976
1000093,P00366542,M,26-35,17,B,1,1,5,3612,1.1210647825479811
1000094,P00117042,M,26-35,17,C,1,0,1,15482,1.2335243638779163
1000095,P00141942,M,46-50,0,C,4+,1,5,3746,1.0944839109708058
1000095,P00003642,M,46-50,0,C,4+,1,8,7857,0.2790065747486606
1000096,P00117942,F,26-35,16,C,2,1,5,7193,0.4107207443549618
1000096,P00001742,F,26-35,16,C,2,1,8,5857,0.6757360012736644
1000097,P00209842,F,36-45,3,C,3,0,5,7040,0.4410705454841246
1000097,P00293742,F,36-45,3,C,3,0,8,7976,0.2554011738704228
1000097,P00315442,F,36-45,3,C,3,0,1,11670,0.47735807692125914
1000097,P00297642,F,36-45,3,C,3,0,8,6150,0.6176151402877513
1000097,P00088542,F,36-45,3,C,3,0,5,6964,0.4561462636920748
1000097,P00089042,F,36-45,3,C,3,0,13,940,1.651095296385386
1000097,P00175742,F,36-45,3,C,3,0,8,9956,0.1373609583893309
1000097,P00115942,F,36-45,3,C,3,0,8,7773,0.29566921066271074
1000099,P00317842,F,0-17,10,C,1,0,8,5935,0.6602635536391892
1000099,P00334242,F,0-17,10,C,1,0,1,18982,1.9278008602966732
1000099,P00035542,F,0-17,10,C,1,0,3,10769,0.29863147027174497
1000099,P00129542,F,0-17,10,C,1,0,8,7821,0.28614770442611065
1000099,P00234842,F,0-17,10,C,1,0,5,2007,1.4394401473342966
1000100,P00057942,M,36-45,17,C,4+,0,1,11612,0.46585292355203406
1000100,P00037142,M,36-45,17,C,4+,0,1,7824,0.2855526102863231
1000100,P00059442,M,36-45,17,C,4+,0,6,12486,0.6392236829434607
1000101,P00278042,F,18-25,3,A,1,0,1,19464,2.023412652089199
1000101,P00154042,F,18-25,3,A,1,0,1,19027,1.9367272723934859
1000101,P00014042,F,18-25,3,A,1,0,1,19394,2.009527122160824
1000101,P00262242,F,18-25,3,A,1,0,1,15871,1.3106882373370297
1000102,P00010842,M,36-45,19,C,3,0,8,9941,0.13438548769039338
1000102,P00334242,M,36-45,19,C,3,0,1,3829,1.0780196397700181
1000102,P00337942,M,36-45,19,C,3,0,5,7108,0.42758174498227447
1000102,P00274942,M,36-45,19,C,3,0,8,4102,1.0238660730493552
1000102,P00229342,M,36-45,19,C,3,0,5,2028,1.4352744883557842
1000102,P00274242,M,36-45,19,C,3,0,1,8310,0.18914735964074722
1000102,P00084642,M,36-45,19,C,3,0,13,929,1.6532773082312735
1000103,P00071242,M,46-50,7,B,2,1,1,15827,1.3019601899534796
1000103,P00050442,M,46-50,7,B,2,1,1,15233,1.1841315502755534
1000103,P0097342,M,46-50,7,B,2,1,1,15418,1.2208290222291163
1000103,P00165442,M,46-50,7,B,2,1,1,15801,1.2968027074086546
1000105,P00269542,M,46-50,12,C,1,1,11,6073,0.6328892232089639
1000105,P00045542,M,46-50,12,C,1,1,5,6975,0.4539642518461872
1000105,P00139742,M,46-50,12,C,1,1,8,4039,1.0363630499848928
1000105,P00332242,M,46-50,12,C,1,1,1,11476,0.4388753225483338
1000106,P00205442,F,36-45,11,C,4+,0,5,7035,0.4420623690504371
1000106,P00085542,F,36-45,11,C,4+,0,5,8645,0.12269518069780908
1000106,P00112142,F,36-45,11,C,4+,0,1,19703,2.070821818558937
1000107,P00323742,M,46-50,18,C,4+,0,8,9753,0.09709292159704304
1000107,P00183142,M,46-50,18,C,4+,0,15,17403,1.6145829780551826
1000107,P00344242,M,46-50,18,C,4+,0,8,3921,1.059770086149868
1000107,P00298242,M,46-50,18,C,4+,0,8,5823,0.6824804015245894
1000107,P00300942,M,46-50,18,C,4+,0,16,12163,0.5751518805596726
1000107,P0097142,M,46-50,18,C,4+,0,12,1058,1.6276882602204108
1000108,P00013942,M,26-35,12,C,3,0,5,2021,1.4366630413486217
1000109,P00087042,M,46-50,15,C,1,1,10,19131,1.957357202572786
1000109,P00087342,M,46-50,15,C,1,1,5,6863,0.47618109973158745
1000109,P00195642,M,46-50,15,C,1,1,5,7085,0.43214413338731206
1000110,P00035842,M,26-35,2,B,4+,0,5,6923,0.46427921693583735
1000111,P00036842,M,36-45,15,C,3,0,1,15351,1.2075385864405286
1000111,P00013942,M,36-45,15,C,3,0,5,5149,0.8161782182635157
1000112,P00289942,M,26-35,16,C,3,1,3,13575,0.8552428556863253
1000113,P00351142,M,18-25,12,C,2,0,1,19697,2.0696316302793623
1000113,P00147342,M,18-25,12,C,2,0,15,12790,0.6995265557752612
1000114,P00350942,F,26-35,2,C,0,0,3,10930,0.33056818910700775
1000114,P00176842,F,26-35,2,C,0,0,12,1735,1.4933953493416972
1000116,P00275842,M,26-35,17,C,2,1,2,16171,1.3701976513157803
1000116,P00192542,M,26-35,17,C,2,1,1,15726,1.2819253539139668
1000117,P00351342,M,26-35,17,A,2,1,1,8337,0.18379151238265967
1000117,P00184142,M,26-35,17,A,2,1,8,9756,0.09768801573683054
1000117,P00317342,M,26-35,17,A,2,1,8,8140,0.22286936089537254
1000117,P00217242,M,26-35,17,A,2,1,1,12009,0.5446037147172473
1000117,P00014542,M,26-35,17,A,2,1,8,5959,0.6555028005208892
1000117,P00021742,M,26-35,17,A,2,1,5,8649,0.12190172184475907
1000117,P00358242,M,26-35,17,A,2,1,8,2018,1.437258135488409
1000117,P00335442,M,26-35,17,A,2,1,1,7880,0.27444418634362305
1000117,P0098342,M,26-35,17,A,2,1,1,19446,2.019842087250474
1000117,P00079742,M,26-35,17,A,2,1,1,8300,0.19113100677337222
1000117,P00143642,M,26-35,17,A,2,1,1,11893,0.521593407978797
1000117,P00251342,M,26-35,17,A,2,1,5,5415,0.7634132045356902
1000117,P00232342,M,26-35,17,A,2,1,11,2967,1.2490100226022949
1000117,P00179042,M,26-35,17,A,2,1,11,4543,0.9363872345005918
1000117,P00180942,M,26-35,17,A,2,1,11,1474,1.5451685395032102
1000117,P00265742,M,26-35,17,A,2,1,5,5417,0.7630164751091651
1000118,P00194542,M,36-45,17,C,4+,0,8,8081,0.23457287897786014
1000118,P00001742,M,36-45,17,C,4+,0,8,9712,0.08895996835328046
1000118,P00127642,M,36-45,17,C,4+,0,1,15909,1.3182260964410046
1000118,P00355142,M,36-45,17,C,4+,0,1,15651,1.2670480004192792
1000118,P00144642,M,36-45,17,C,4+,0,1,15756,1.287876295311842
1000118,P00201342,M,36-45,17,C,4+,0,1,8012,0.24826004419297276
1000118,P00251942,M,36-45,17,C,4+,0,1,11408,0.42538652204648364
1000118,P00009342,M,36-45,17,C,4+,0,1,15492,1.2355080110105414
1000118,P00345842,M,36-45,17,C,4+,0,2,9569,0.06059381435674269
1000118,P00191442,M,36-45,17,C,4+,0,1,15687,1.2741891300967292
1000118,P00223242,M,36-45,17,C,4+,0,5,5304,0.7854316877078279
1000118,P00120342,M,36-45,17,C,4+,0,5,6923,0.46427921693583735
1000119,P00330642,F,0-17,10,C,1,0,5,5277,0.7907875349659155
1000119,P00238542,F,0-17,10,C,1,0,5,7088,0.4315490392475245
1000119,P0094942,F,0-17,10,C,1,0,4,2122,1.416628205309109
1000119,P00068042,F,0-17,10,C,1,0,3,5597,0.7273108267219148
1000119,P00227642,F,0-17,10,C,1,0,1,15837,1.3039438370861045
1000120,P00005042,M,26-35,11,C,0,0,6,16128,1.3616679686454927
1000121,P00102042,M,36-45,7,C,2,0,5,3627,1.1180893118490436
1000121,P00059742,M,36-45,7,C,2,0,1,19498,2.0301570523401242
1000122,P00142142,F,18-25,4,C,1,0,1,4530,0.9389659757730043
1000123,P00248142,M,36-45,9,B,4+,1,5,3639,1.1157089352898937
1000123,P00279342,M,36-45,9,B,4+,1,5,5314,0.7834480405752029
1000123,P00267542,M,36-45,9,B,4+,1,1,12111,0.5648369154700225
1000123,P00217742,M,36-45,9,B,4+,1,5,3631,1.1172958529959935
1000123,P00113242,M,36-45,9,B,4+,1,1,19586,2.0476131471072243
1000123,P00000642,M,36-45,9,B,4+,1,1,18971,1.9256188484507857
1000123,P00163342,M,36-45,9,B,4+,1,6,16456,1.4267315945955932
1000123,P00116842,M,36-45,9,B,4+,1,2,13009,0.7429684279797492
1000123,P00036842,M,36-45,9,B,4+,1,1,15635,1.2638741650070793
1000123,P00278042,M,36-45,9,B,4+,1,1,15181,1.1738165851859033
1000123,P00348742,M,36-45,9,B,4+,1,16,16379,1.4114575116743806
1000123,P00061142,M,36-45,9,B,4+,1,8,6187,0.6102756458970388
1000123,P00015942,M,36-45,9,B,4+,1,6,16446,1.4247479474629683
1000123,P00346542,M,36-45,9,B,4+,1,10,14650,1.068484922443515
1000123,P00188742,M,36-45,9,B,4+,1,8,7810,0.28832971627199816
1000123,P00346942,M,36-45,9,B,4+,1,1,8143,0.22227426675558504
1000123,P00212542,M,36-45,9,B,4+,1,8,4018,1.0405287089634054
1000123,P00007042,M,36-45,9,B,4+,1,1,11971,0.5370658556132722
1000123,P00240242,M,36-45,9,B,4+,1,1,8130,0.22485300802799754
1000124,P00291042,M,55+,7,C,1,1,8,7904,0.26968343322532295
1000125,P00244642,M,46-50,14,B,3,1,11,4497,0.945512011310667
1000125,P00090542,M,46-50,14,B,3,1,16,16498,1.4350629125526184
1000125,P00274142,M,46-50,14,B,3,1,1,19234,1.9777887680388238
1000125,P00266642,M,46-50,14,B,3,1,1,15253,1.1880988445408034
1000125,P00182142,M,46-50,14,B,3,1,1,19064,1.9440667667841984
1000125,P00270542,M,46-50,14,B,3,1,1,11647,0.4727956885162216
1000126,P00087042,M,18-25,9,B,1,0,10,23233,2.771049256375569
1000126,P00121642,M,18-25,9,B,1,0,5,3638,1.115907300003156
1000127,P00145042,F,46-50,3,C,1,1,1,19681,2.066457794867162
1000127,P00086442,F,46-50,3,C,1,1,8,5886,0.6699834245890518
1000127,P00361842,F,46-50,3,C,1,1,15,17320,1.598118706854395
1000127,P00057442,F,46-50,3,C,1,1,5,5332,0.7798774757364778
1000127,P00078142,F,46-50,3,C,1,1,8,7890,0.272460539210998
1000128,P00245642,M,55+,6,A,1,1,5,8629,0.1258690161100091
1000129,P00037542,M,26-35,11,C,2,0,1,15383,1.2138862572649287
1000129,P00049842,M,26-35,11,C,2,0,1,15641,1.2650643532866541
1000129,P00022942,M,26-35,11,C,2,0,5,5298,0.786621875987403
1000129,P00000642,M,26-35,11,C,2,0,1,15525,1.242054046548204
1000129,P00183442,M,26-35,11,C,2,0,1,19406,2.011907498719974
1000130,P00350442,M,36-45,17,B,3,1,2,3688,1.105989064340031
1000130,P00119542,M,36-45,17,B,3,1,8,2209,1.3993704752552714
1000130,P00025442,M,36-45,17,B,3,1,1,19706,2.0714169126987247
1000130,P00080342,M,36-45,17,B,3,1,1,15907,1.3178293670144796
1000130,P00127642,M,36-45,17,B,3,1,1,19062,1.9436700373576734
1000130,P00127242,M,36-45,17,B,3,1,1,15244,1.186313562121441
1000130,P00338542,M,36-45,17,B,3,1,1,19304,1.9916742979671989
1000130,P00246142,M,36-45,17,B,3,1,1,19240,1.9789789563183986
1000130,P00317642,M,36-45,17,B,3,1,1,19559,2.042257299849137
1000130,P00339542,M,36-45,17,B,3,1,1,19090,1.9492242493290235
1000130,P00277442,M,36-45,17,B,3,1,1,15744,1.285495918752692
1000131,P00170642,M,18-25,4,C,4+,0,5,6886,0.4716187113265499
1000131,P00115442,M,18-25,4,C,4+,0,8,8075,0.23576306725743515
1000131,P00212742,M,18-25,4,C,4+,0,5,8801,0.09175028542885877
1000131,P00209842,M,18-25,4,C,4+,0,5,8734,0.10504072121744641
1000131,P00150742,M,18-25,4,C,4+,0,8,5936,0.6600651889259267
1000131,P00154642,M,18-25,4,C,4+,0,8,5945,0.6582799065065642
1000131,P00109342,M,18-25,4,C,4+,0,5,5418,0.7628181103959027
1000131,P00162642,M,18-25,4,C,4+,0,5,6896,0.46963506419392487
1000131,P00192542,M,18-25,4,C,4+,0,1,7734,0.3034054344799483
1000131,P00017042,M,18-25,4,C,4+,0,8,8127,0.22544810216778505
1000132,P00100842,M,26-35,17,C,1,0,5,8709,0.10999983904900895
1000132,P00329442,M,26-35,17,C,1,0,5,8678,0.11614914516014652
1000132,P00303842,M,26-35,17,C,1,0,5,5463,0.7538916982990901
1000132,P00045842,M,26-35,17,C,1,0,5,3743,1.0950790051105934
1000132,P00250242,M,26-35,17,C,1,0,5,8751,0.10166852109198388
1000133,P00012542,F,26-35,0,C,1,1,5,6954,0.4581299108246998
1000133,P00152442,F,26-35,0,C,1,1,8,9972,0.14053479380153094
1000133,P00058442,F,26-35,0,C,1,1,5,7041,0.4408721807708621
1000133,P00303842,F,26-35,0,C,1,1,5,8779,0.0961143091206338
1000133,P00248342,F,26-35,0,C,1,1,8,7797,0.2909084575444107
1000134,P00218642,M,26-35,0,C,3,1,5,3622,1.119081135415356
1000134,P00125942,M,26-35,0,C,3,1,1,15783,1.2932321425699294
1000134,P00241542,M,26-35,0,C,3,1,1,3843,1.0752425337843432
1000134,P00346442,M,26-35,0,C,3,1,1,3877,1.068498133533418
1000135,P00295942,M,18-25,4,C,1,1,2,16241,1.3840831812441554
1000135,P00248942,M,18-25,4,C,1,1,1,19146,1.9603326732717234
1000135,P00270142,M,18-25,4,C,1,1,5,3709,1.1018234053615183
1000136,P0099042,M,18-25,2,B,3,0,5,8850,0.08203041447899617
1000136,P00367142,M,18-25,2,B,3,0,11,1498,1.5404077863849102
1000136,P00233342,M,18-25,2,B,3,0,1,4304,0.9837964009703298
1000136,P00118842,M,18-25,2,B,3,0,5,7031,0.44285582790348715
1000136,P00034842,M,18-25,2,B,3,0,5,1754,1.4896264197897096
1000136,P00001142,M,18-25,2,B,3,0,5,3613,1.1208664178347185
1000136,P00008842,M,18-25,2,B,3,0,1,15563,1.2495919056521791
1000136,P00222142,M,18-25,2,B,3,0,5,7092,0.43075558039447454
1000136,P00059442,M,18-25,2,B,3,0,6,16709,1.4769178670510061
1000136,P00189842,M,18-25,2,B,3,0,3,5596,0.7275091914351773
1000136,P00074142,M,18-25,2,B,3,0,3,8224,0.20620672498132236
1000136,P00051942,M,18-25,2,B,3,0,5,6901,0.46864324062761237
1000136,P00013742,M,18-25,2,B,3,0,5,5289,0.7884071584067655
1000136,P00321742,M,18-25,2,B,3,0,5,5228,0.8005074059157781
1000137,P00250842,F,46-50,6,C,4+,1,8,8126,0.22564646688104756
1000137,P00198742,F,46-50,6,C,4+,1,1,11446,0.4329243811504587
1000137,P00010742,F,46-50,6,C,4+,1,1,15334,1.204166386315066
1000137,P00303342,F,46-50,6,C,4+,1,1,15739,1.2845040951863793
1000137,P00004242,F,46-50,6,C,4+,1,1,11809,0.5049307720647469
1000137,P00173942,F,46-50,6,C,4+,1,1,11814,0.5059225956310595
1000137,P00058442,F,46-50,6,C,4+,1,5,6938,0.4613037462368998
1000137,P00124642,F,46-50,6,C,4+,1,16,16828,1.500523267929244
1000137,P00026042,F,46-50,6,C,4+,1,8,8066,0.23754834967679767
1000138,P00113242,M,18-25,20,C,1,1,1,19391,2.0089320280210363
1000138,P00081142,M,18-25,20,C,1,1,6,12146,0.57177968043421
1000138,P00135742,M,18-25,20,C,1,1,6,19977,2.1251737499928627
1000139,P00329542,F,26-35,20,C,2,0,1,7773,0.29566921066271074
1000139,P00249642,F,26-35,20,C,2,0,3,8314,0.1883539007876972
1000139,P00020142,F,26-35,20,C,2,0,7,21002,2.328497581086927
1000139,P00274942,F,26-35,20,C,2,0,8,9746,0.09570436860420553
1000139,P00110842,F,26-35,20,C,2,0,1,15239,1.1853217385551285
1000139,P00121342,F,26-35,20,C,2,0,1,15795,1.2956125191290795
1000139,P00121642,F,26-35,20,C,2,0,5,8778,0.09631267383389631
1000139,P00159542,F,26-35,20,C,2,0,10,23595,2.8428572825765945
1000139,P00115142,F,26-35,20,C,2,0,1,19117,1.954580096587111
1000139,P00044442,F,26-35,20,C,2,0,1,15688,1.2743874948099918
1000139,P00227542,F,26-35,20,C,2,0,13,928,1.6534756729445361
1000139,P00127842,F,26-35,20,C,2,0,1,15311,1.1996039979100286
1000139,P00241642,F,26-35,20,C,2,0,1,19621,2.054555912071412
1000139,P00226742,F,26-35,20,C,2,0,11,1558,1.52850590358916
1000140,P00062842,F,36-45,1,B,3,0,1,3843,1.0752425337843432
1000140,P00084642,F,36-45,1,B,3,0,13,770,1.6848172976400113
1000142,P00192042,M,26-35,7,A,2,0,5,5267,0.7927711820985405
1000142,P00002542,M,26-35,7,A,2,0,8,4072,1.0298170144472303
1000142,P00028842,M,26-35,7,A,2,0,6,20214,2.1721861870360755
1000142,P00184942,M,26-35,7,A,2,0,1,12025,0.5477775501294473
1000142,P00025442,M,26-35,7,A,2,0,1,15212,1.1799658912970408
1000143,P00250242,M,18-25,3,C,0,0,5,7170,0.4152831327599994
1000143,P00184942,M,18-25,3,C,0,0,1,19662,2.0626888653151747
1000143,P00284642,M,18-25,3,C,0,0,5,6951,0.4587250049644873
1000145,P00250342,M,18-25,4,C,4+,0,16,16772,1.4894148439865438
1000145,P00317842,M,18-25,4,C,4+,0,8,5953,0.6566929888004642
1000145,P00214142,M,18-25,4,C,4+,0,8,9756,0.09768801573683054
1000145,P00248342,M,18-25,4,C,4+,0,8,2159,1.4092887109183965
1000146,P00248942,F,36-45,20,B,3,1,1,15659,1.2686349181253793
1000146,P00188542,F,36-45,20,B,3,1,5,5247,0.7967384763637905
1000146,P00081142,F,36-45,20,B,3,1,6,16004,1.3370707442009424
1000146,P00088242,F,36-45,20,B,3,1,6,12053,0.5533317621007974
1000146,P00223842,F,36-45,20,B,3,1,2,3489,1.1454636422792688
1000146,P00121042,F,36-45,20,B,3,1,15,16616,1.4584699487175936
1000146,P00027142,F,36-45,20,B,3,1,8,7968,0.25698809157652286
1000146,P00114142,F,36-45,20,B,3,1,8,9932,0.13260020527103086
1000146,P00116742,F,36-45,20,B,3,1,11,2944,1.2535724110073323
1000146,P00289642,F,36-45,20,B,3,1,8,8057,0.23933363209616018
1000146,P00118442,F,36-45,20,B,3,1,1,15347,1.2067451275874785
1000146,P00227742,F,36-45,20,B,3,1,5,7110,0.4271850155557495
1000146,P00127542,F,36-45,20,B,3,1,1,3836,1.0766310867771807
1000146,P00010842,F,36-45,20,B,3,1,8,9885,0.12327706374769327
1000146,P00323942,F,36-45,20,B,3,1,8,9832,0.11276373394478068
1000146,P00101142,F,36-45,20,B,3,1,8,7892,0.272063809784473
1000146,P00203142,F,36-45,20,B,3,1,16,16813,1.4975477972303064
1000146,P00112342,F,36-45,20,B,3,1,13,959,1.6473263668333984
1000146,P00129642,F,36-45,20,B,3,1,5,5381,0.7701576047866152
1000146,P00178642,F,36-45,20,B,3,1,5,7055,0.4380950747851871
1000146,P00288442,F,36-45,20,B,3,1,5,6866,0.4755860055918
1000146,P00274042,F,36-45,20,B,3,1,1,19177,1.9664819793828612
1000146,P00091842,F,36-45,20,B,3,1,8,7805,0.28932153983831066
1000146,P00320442,F,36-45,20,B,3,1,6,8667,0.11833115700603403
1000147,P00184942,M,18-25,4,B,4+,0,1,19474,2.025396299221824
1000147,P00016042,M,18-25,4,B,4+,0,1,11916,0.5261557963838346
1000147,P00214242,M,18-25,4,B,4+,0,1,7589,0.3321683179030111
1000147,P00110742,M,18-25,4,B,4+,0,1,15308,1.1990089037702412
1000147,P00008542,M,18-25,4,B,4+,0,2,9614,0.06952022645355527
1000147,P00352142,M,18-25,4,B,4+,0,1,15387,1.2146797161179788
1000147,P00150942,M,18-25,4,B,4+,0,6,20585,2.2457794956564636
1000148,P00184942,M,51-55,17,B,3,1,1,19031,1.937520731246536
1000148,P00118442,M,51-55,17,B,3,1,1,15671,1.2710152946845292
1000148,P00317442,M,51-55,17,B,3,1,1,15289,1.1952399742182536
1000148,P00063342,M,51-55,17,B,3,1,1,12101,0.5628532683373975
1000148,P00042142,M,51-55,17,B,3,1,1,15383,1.2138862572649287
1000148,P00047242,M,51-55,17,B,3,1,1,19608,2.0519771707989993
1000148,P00114542,M,51-55,17,B,3,1,5,1827,1.475145795721547
1000148,P00156742,M,51-55,17,B,3,1,5,1787,1.483080384252047
1000148,P00119242,M,51-55,17,B,3,1,18,2318,1.3777487215096587
1000148,P00190742,M,51-55,17,B,3,1,3,8287,0.19370974804578475
1000148,P00199442,M,51-55,17,B,3,1,5,8812,0.08956827358297124
1000148,P00193042,M,51-55,17,B,3,1,5,7114,0.42639155670269946
1000148,P00327842,M,51-55,17,B,3,1,8,7799,0.29051172811788567
1000148,P00005042,M,51-55,17,B,3,1,6,8657,0.12031480413865905
1000148,P00057242,M,51-55,17,B,3,1,5,5375,0.7713477930661903
1000148,P00074442,M,51-55,17,B,3,1,1,11715,0.48628448901807175
1000148,P00214342,M,51-55,17,B,3,1,5,7021,0.44483947503611215
1000148,P00036542,M,51-55,17,B,3,1,4,2141,1.4128592757571214
1000148,P00181842,M,51-55,17,B,3,1,11,6053,0.636856517474214
1000148,P00304742,M,51-55,17,B,3,1,8,5955,0.6562962593739392
1000149,P00109242,M,26-35,1,B,2,1,6,15969,1.3301279792367549
1000149,P00289342,M,26-35,1,B,2,1,5,5267,0.7927711820985405
1000149,P00213742,M,26-35,1,B,2,1,8,6151,0.6174167755744888
1000149,P00293242,M,26-35,1,B,2,1,8,6018,0.6437992824384016
1000149,P00163842,M,26-35,1,B,2,1,8,6140,0.6195987874203763
1000149,P00046142,M,26-35,1,B,2,1,1,19091,1.949422614042286
1000149,P00028242,M,26-35,1,B,2,1,6,20538,2.2364563541331264
1000149,P00028542,M,26-35,1,B,2,1,6,16137,1.3634532510648552
1000149,P00051442,M,26-35,1,B,2,1,8,10024,0.15084975889118105
1000149,P00100842,M,26-35,1,B,2,1,5,7047,0.4396819924912871
1000149,P00184442,M,26-35,1,B,2,1,1,15571,1.251178823358279
1000149,P00345842,M,26-35,1,B,2,1,2,16235,1.3828929929645803
1000149,P00323942,M,26-35,1,B,2,1,8,9993,0.14470045278004348
1000149,P00137542,M,26-35,1,B,2,1,1,15161,1.1698492909206533
1000149,P00030842,M,26-35,1,B,2,1,1,7835,0.2833705984404356
1000149,P00150342,M,26-35,1,B,2,1,8,6188,0.6100772811837762
1000149,P00369742,M,26-35,1,B,2,1,5,8752,0.10147015637872137
1000149,P00069042,M,26-35,1,B,2,1,3,10715,0.2879197757555699
1000149,P00277942,M,26-35,1,B,2,1,1,15210,1.179569161870516
1000149,P00283942,M,26-35,1,B,2,1,5,6998,0.4494018634411497
1000149,P00207042,M,26-35,1,B,2,1,5,7064,0.43630979236582457
1000149,P00350342,M,26-35,1,B,2,1,1,15165,1.1706427497737033
1000150,P00294542,M,36-45,7,B,0,1,8,5865,0.6741490835675643
1000150,P00174442,M,36-45,7,B,0,1,5,8697,0.11238021560815897
1000150,P00033642,M,36-45,7,B,0,1,5,8798,0.09234537956864627
1000150,P00025442,M,36-45,7,B,0,1,1,15255,1.1884955739673284
1000150,P00120042,M,36-45,7,B,0,1,1,15697,1.2761727772293543
1000150,P00086042,M,36-45,7,B,0,1,8,8009,0.2488551383327603
1000150,P00198142,M,36-45,7,B,0,1,2,13272,0.7951383475677872
1000150,P00057742,M,36-45,7,B,0,1,2,16061,1.348377532856905
1000150,P00101942,M,36-45,7,B,0,1,8,7995,0.2516322443184353
1000150,P00113342,M,36-45,7,B,0,1,1,15590,1.2549477529102666
1000151,P00112142,F,26-35,20,A,1,1,1,12063,0.5553154092334224
1000151,P00062842,F,26-35,20,A,1,1,1,11653,0.4739858767957966
1000151,P00052642,F,26-35,20,A,1,1,5,7011,0.44682312216873715
1000151,P00021642,F,26-35,20,A,1,1,8,6089,0.629715387796764
1000151,P00007342,F,26-35,20,A,1,1,8,5844,0.6783147425460769
1000151,P00154742,F,26-35,20,A,1,1,8,8124,0.22604319630757255
1000151,P00016342,F,26-35,20,A,1,1,1,11977,0.5382560438928472
1000151,P00141842,F,26-35,20,A,1,1,5,7179,0.41349785034063685
1000151,P00197442,F,26-35,20,A,1,1,8,1990,1.4428123474597592
1000151,P00048642,F,26-35,20,A,1,1,5,5471,0.7523047805929901
1000151,P00000642,F,26-35,20,A,1,1,1,15678,1.2724038476773667
1000151,P00358742,F,26-35,20,A,1,1,5,6894,0.4700317936204499
1000151,P00370342,F,26-35,20,A,1,1,8,7964,0.25778155042957285
1000151,P00138542,F,26-35,20,A,1,1,5,8707,0.11039656847553396
1000151,P00031442,F,26-35,20,A,1,1,5,8575,0.1365807106261842
1000151,P00128242,F,26-35,20,A,1,1,5,7035,0.4420623690504371
1000151,P00221342,F,26-35,20,A,1,1,1,11493,0.4422475226737963
1000151,P00211142,F,26-35,20,A,1,1,5,5180,0.8100289121523782
1000151,P00152742,F,26-35,20,A,1,1,5,7009,0.4472198515952622
1000151,P00211042,F,26-35,20,A,1,1,5,5205,0.8050697943208156
1000151,P00245642,F,26-35,20,A,1,1,5,7175,0.41429130919368684
1000151,P00148342,F,26-35,20,A,1,1,5,7159,0.4174651446058869
1000151,P00085242,F,26-35,20,A,1,1,8,6129,0.6217807992662638
1000151,P00134342,F,26-35,20,A,1,1,5,7087,0.43174740396078704
1000152,P00159942,M,18-25,4,A,3,0,5,8744,0.10305707408482138
1000153,P00031642,M,0-17,10,C,0,0,5,8588,0.13400196935377168
1000153,P00059442,M,0-17,10,C,0,0,6,20679,2.264425778703139
1000153,P00340642,M,0-17,10,C,0,0,5,8817,0.08857645001665873
1000154,P00214242,M,51-55,20,A,4+,1,1,7821,0.28614770442611065
1000154,P00105142,M,51-55,20,A,4+,1,1,8144,0.22207590204232253
1000154,P00262242,M,51-55,20,A,4+,1,1,15257,1.1888923033938534
1000154,P00307342,M,51-55,20,A,4+,1,8,6139,0.6197971521336388
1000155,P00205642,M,36-45,12,C,4+,1,5,6967,0.45555116955228725
1000155,P00295942,M,36-45,12,C,4+,1,2,6807,0.4872895236742876
1000155,P00053942,M,36-45,12,C,4+,1,1,7944,0.2617488446948229
1000155,P00248142,M,36-45,12,C,4+,1,5,5415,0.7634132045356902
1000155,P00022542,M,36-45,12,C,4+,1,5,1916,1.4574913362411843
1000155,P00323842,M,36-45,12,C,4+,1,2,16208,1.3775371457064927
1000155,P00252442,M,36-45,12,C,4+,1,8,9795,0.1054242395540681
1000156,P00304842,F,46-50,7,C,4+,1,8,9872,0.12069832247528076
1000156,P00002542,F,46-50,7,C,4+,1,8,6010,0.6453862001445015
1000156,P00240142,F,46-50,7,C,4+,1,5,7141,0.42103570944461194
1000157,P00140042,M,36-45,16,A,1,0,1,15544,1.2458229761001915
1000157,P00028442,M,36-45,16,A,1,0,1,7762,0.29785122250859825
1000157,P00289042,M,36-45,16,A,1,0,8,7948,0.2609553858417729
1000157,P00141442,M,36-45,16,A,1,0,8,6123,0.6229709875458389
1000157,P00345742,M,36-45,16,A,1,0,1,11475,0.43867695783507127
1000157,P00065342,M,36-45,16,A,1,0,2,6368,0.5743716327965259
1000157,P00298142,M,36-45,16,A,1,0,5,6962,0.45654299311859975
1000157,P00177942,M,36-45,16,A,1,0,5,3522,1.1389176067416062
1000157,P00223242,M,36-45,16,A,1,0,5,5185,0.8090370885860656
1000157,P00105942,M,36-45,16,A,1,0,5,5474,0.7517096864532026
1000157,P00111542,M,36-45,16,A,1,0,2,12920,0.7253139684993866
1000158,P00347242,M,55+,7,C,2,1,8,9703,0.08717468593391794
1000158,P00111542,M,55+,7,C,2,1,2,13324,0.8054533126574372
1000159,P00277642,F,46-50,0,A,1,1,2,12828,0.7070644148792363
1000160,P00198042,M,36-45,7,C,3,0,11,4681,0.9090129040703666
1000160,P00327842,M,36-45,7,C,3,0,8,5881,0.6709752481553644
1000161,P00086042,M,46-50,16,C,4+,1,8,8108,0.2292170317197726
1000161,P00111542,M,46-50,16,C,4+,1,2,16122,1.3604777803659176
1000161,P00024042,M,46-50,16,C,4+,1,7,20915,2.3112398510330894
1000161,P00313342,M,46-50,16,C,4+,1,5,8689,0.11396713331425899
1000161,P00064942,M,46-50,16,C,4+,1,8,10062,0.1583876179951561
1000161,P00112442,M,46-50,16,C,4+,1,6,16272,1.390232487355293
1000161,P00205442,M,46-50,16,C,4+,1,5,6875,0.47380072317243743
1000161,P00312942,M,46-50,16,C,4+,1,8,9821,0.11058172209889315
1000161,P00289942,M,46-50,16,C,4+,1,3,13717,0.8834106449696005
1000161,P00304442,M,46-50,16,C,4+,1,1,15378,1.2128944336986163
1000161,P00125742,M,46-50,16,C,4+,1,8,10040,0.15402359430338108
1000161,P00285742,M,46-50,16,C,4+,1,8,8065,0.23774671439006018
1000162,P00004842,F,18-25,4,C,4+,0,3,5711,0.7046972494099897
1000162,P00249142,F,18-25,4,C,4+,0,5,7059,0.43730161593213707
1000162,P00338442,F,18-25,4,C,4+,0,1,11808,0.5047324073514844
1000162,P00351142,F,18-25,4,C,4+,0,1,19091,1.949422614042286
1000162,P00010242,F,18-25,4,C,4+,0,5,8844,0.08322060275857118
1000163,P00014742,M,18-25,4,A,1,0,11,1534,1.53326665670746
1000163,P00079442,M,18-25,4,A,1,0,8,3923,1.059373356723343
1000163,P00283942,M,18-25,4,A,1,0,5,3506,1.1420914421538064
1000163,P00208942,M,18-25,4,A,1,0,6,4000,1.0440992738021304
1000163,P00028242,M,18-25,4,A,1,0,6,4597,0.9256755399844168
1000163,P00340642,M,18-25,4,A,1,0,5,3460,1.1512162189638815
1000163,P00322342,M,18-25,4,A,1,0,5,3611,1.1212631472612435
1000163,P00309142,M,18-25,4,A,1,0,1,8305,0.19013918320705972
1000163,P00270942,M,18-25,4,A,1,0,1,12017,0.5461906324233473
1000163,P00305142,M,18-25,4,A,1,0,1,11575,0.4585134291613215
1000163,P00019342,M,18-25,4,A,1,0,1,11374,0.4186421217955586
1000163,P00128042,M,18-25,4,A,1,0,1,15312,1.199802362623291
1000163,P00345642,M,18-25,4,A,1,0,1,8067,0.23734998496353518
1000163,P00229742,M,18-25,4,A,1,0,1,11635,0.4704153119570716
1000163,P00194642,M,18-25,4,A,1,0,1,8081,0.23457287897786014
1000163,P00206442,M,18-25,4,A,1,0,1,3931,1.0577864390172431
1000163,P00149542,M,18-25,4,A,1,0,1,4145,1.0153363903790675
1000163,P00138242,M,18-25,4,A,1,0,1,3916,1.0607619097161805
1000163,P00035242,M,18-25,4,A,1,0,8,4012,1.0417188972429803
1000163,P00135842,M,18-25,4,A,1,0,5,3759,1.0919051696983932
1000163,P00035742,M,18-25,4,A,1,0,11,2952,1.2519854933012324
1000163,P00276642,M,18-25,4,A,1,0,8,4152,1.01394783738623
1000163,P00019142,M,18-25,4,A,1,0,11,3068,1.2289751865627823
1000163,P00137642,M,18-25,4,A,1,0,3,5697,0.7074743553956646
1000165,P00110942,M,18-25,16,A,1,0,1,11516,0.4468099110788339
1000165,P00005042,M,18-25,16,A,1,0,6,19928,2.115453879043
1000165,P00188442,M,18-25,16,A,1,0,5,6873,0.47419745259896245
1000165,P00329542,M,18-25,16,A,1,0,1,15879,1.3122751550431297
1000165,P00346342,M,18-25,16,A,1,0,1,11400,0.42379960434038366
1000166,P00184942,M,18-25,4,B,1,1,1,12006,0.5440086205774598
1000166,P00111042,M,18-25,4,B,1,1,15,16856,1.506077479900594
1000166,P00046742,M,18-25,4,B,1,1,1,15470,1.2311439873187664
1000166,P00028842,M,18-25,4,B,1,1,6,15956,1.3275492379643423
1000166,P00238442,M,18-25,4,B,1,1,6,19966,2.122991738146975
1000166,P00270242,M,18-25,4,B,1,1,8,7786,0.2930904693902982
1000166,P00073842,M,18-25,4,B,1,1,1,15454,1.2279701519065664
1000166,P00197342,M,18-25,4,B,1,1,1,7924,0.26571613896007296
1000166,P00318142,M,18-25,4,B,1,1,2,9752,0.09689455688378054
1000166,P00015542,M,18-25,4,B,1,1,1,11513,0.44621481693904635
1000166,P00184142,M,18-25,4,B,1,1,8,8115,0.22782847872693507
1000166,P00034742,M,18-25,4,B,1,1,5,8843,0.0834189674718337
1000166,P00049642,M,18-25,4,B,1,1,8,9849,0.11613593407024321
1000166,P00303642,M,18-25,4,B,1,1,8,9812,0.10879643967953063
1000166,P00071442,M,18-25,4,B,1,1,15,16651,1.4654127136817812
1000166,P00226442,M,18-25,4,B,1,1,11,3172,1.208345256383482
1000166,P00110542,M,18-25,4,B,1,1,8,9942,0.1345838524036559
1000166,P00014542,M,18-25,4,B,1,1,8,5966,0.6541142475280517
1000166,P0098542,M,18-25,4,B,1,1,8,6182,0.6112674694633512
1000166,P00231142,M,18-25,4,B,1,1,5,5280,0.7901924408261279
1000166,P00031542,M,18-25,4,B,1,1,5,5346,0.7771003697508029
1000166,P00258742,M,18-25,4,B,1,1,5,8902,0.07171544938934607
1000169,P00288042,M,26-35,7,B,3,0,8,7999,0.2508387854653853
1000169,P00119142,M,26-35,7,B,3,0,3,5423,0.7618262868295902
1000169,P00053842,M,26-35,7,B,3,0,4,1460,1.5479456454888851
1000169,P00176042,M,26-35,7,B,3,0,8,6146,0.6184085991408013
1000169,P00116142,M,26-35,7,B,3,0,10,9732,0.0929272626185305
1000169,P00089442,M,26-35,7,B,3,0,8,7861,0.27821311589561054
1000169,P00128942,M,26-35,7,B,3,0,1,15419,1.2210273869423787
1000169,P00085442,M,26-35,7,B,3,0,12,1434,1.5531031280337102
1000169,P00322042,M,26-35,7,B,3,0,5,6971,0.45475771069923726
1000169,P00021742,M,26-35,7,B,3,0,5,7034,0.4422607337636996
1000169,P00136542,M,26-35,7,B,3,0,5,7013,0.4464263927422122
1000169,P00139942,M,26-35,7,B,3,0,5,6898,0.4692383347673999
1000169,P00194442,M,26-35,7,B,3,0,5,5139,0.8181618653961408
1000169,P00100642,M,26-35,7,B,3,0,5,5429,0.7606360985500151
1000169,P00178442,M,26-35,7,B,3,0,5,5187,0.8086403591595407
1000169,P00259342,M,26-35,7,B,3,0,5,8655,0.12071153356518406
1000169,P00251342,M,26-35,7,B,3,0,5,5432,0.7600410044102277
1000169,P00119742,M,26-35,7,B,3,0,5,7019,0.4452362044626372
1000169,P00100842,M,26-35,7,B,3,0,5,6897,0.4694366994806624
1000169,P00279642,M,26-35,7,B,3,0,7,8466,0.1582024643717969
1000169,P00271142,M,26-35,7,B,3,0,5,8698,0.11218185089489648
1000169,P00316742,M,26-35,7,B,3,0,4,2750,1.2920551653802577
1000169,P00285742,M,26-35,7,B,3,0,8,8015,0.24766495005318526
1000169,P00193542,M,26-35,7,B,3,0,1,19252,1.9813593328775487
1000169,P00329342,M,26-35,7,B,3,0,5,5446,0.7572638984245527
1000169,P00048142,M,26-35,7,B,3,0,1,15800,1.296604342695392
1000169,P00042942,M,26-35,7,B,3,0,1,15851,1.3067209430717797
1000169,P00241242,M,26-35,7,B,3,0,1,15402,1.2176551868169163
1000169,P00250542,M,26-35,7,B,3,0,4,1454,1.5491358337684602
1000170,P00111142,M,26-35,11,C,1,1,1,19696,2.0694332655660994
1000170,P00113342,M,26-35,11,C,1,1,1,15745,1.2856942834659544
1000171,P00100442,F,51-55,17,B,1,1,2,16018,1.3398478501866173
1000172,P00346542,M,26-35,3,C,2,0,10,14070,0.9534333887512637
1000173,P00084642,M,26-35,0,B,1,1,13,759,1.6869993094858988
